{
  "rtime": 6.27526593208313,
  "utime": 0.150766,
  "stime": 0.116126,
  "cutime": 2.642222,
  "cstime": 2.392095,
  "minor_gb": 0.043266661465168,
  "promoted_gb": 0.003014408051967621,
  "major_gb": 0.0033044815063476562,
  "allocated_gb": 0.043556734919548035,
  "minor_collections": 60,
  "major_collections": 2,
  "compactions": 0,
  "top_heap_gb": 0.003662109375,
  "stack_kb": 0.3671875,
  "minor_heap_kb": 8192.0,
  "attributes_table": {
    "num_bindings": 0,
    "num_buckets": 16,
    "max_bucket_length": 0
  }
}